{
  "FileInfo": [
    
	{
      "FileName": "UUPC_20180214_$1.00Off1CanRedSeal_11037_15000_Exp4-30-19.txt",
      "Brand": "RedSeal",
      "BarcodeType": "RSUBC",
      "EncodingType": "CODE-128",
      "DiscountCode": "D100",
      "AccountNumber": "058796",
      "LinkedCouponID": "",
      "EffectiveDate": "03/01/2018",
      "TerminationDate": "12/31/9999"
    },
	
	{
      "FileName": "UUPC_20180214_$1.25Off2CansRedSeal_11038_15000_Exp4-30-19.txt",
      "Brand": "RedSeal",
      "BarcodeType": "RSUBC",
      "EncodingType": "CODE-128",
      "DiscountCode": "D125_2C",
      "AccountNumber": "058796",
      "LinkedCouponID": "",
      "EffectiveDate": "03/01/2018",
      "TerminationDate": "12/31/9999"
    },
		
	{
      "FileName": "UUPC_20180214_$1.50Off2CansRedSeal_11039_15000_Exp4-30-19.txt",
      "Brand": "RedSeal",
      "BarcodeType": "RSUBC",
      "EncodingType": "CODE-128",
      "DiscountCode": "D150",
      "AccountNumber": "058796",
      "LinkedCouponID": "",
      "EffectiveDate": "03/01/2018",
      "TerminationDate": "12/31/9999"
    },
	
	{
      "FileName": "UUPC_20180214_$2.00Off2CansRedSeal_11040_15000_Exp4-30-19.txt",
      "Brand": "RedSeal",
      "BarcodeType": "RSUBC",
      "EncodingType": "CODE-128",
      "DiscountCode": "D200",
      "AccountNumber": "058796",
      "LinkedCouponID": "",
      "EffectiveDate": "03/01/2018",
      "TerminationDate": "12/31/9999"
    },
    
	{
      "FileName": "UUPC_20180214_$2.50Off5CansRedSeal_11041_15000_Exp4-30-19.txt",
      "Brand": "RedSeal",
      "BarcodeType": "RSUBC",
      "EncodingType": "CODE-128",
      "DiscountCode": "D250_5C",
      "AccountNumber": "058796",
      "LinkedCouponID": "",
      "EffectiveDate": "03/01/2018",
      "TerminationDate": "12/31/9999"
    },
    {
      "FileName": "UUPC_20180214_$3.00Off5CansRedSeal_11042_15000_Exp4-30-19.txt",
      "Brand": "RedSeal",
      "BarcodeType": "RSUBC",
      "EncodingType": "CODE-128",
      "DiscountCode": "D300",
      "AccountNumber": "058796",
      "LinkedCouponID": "",
      "EffectiveDate": "03/01/2018",
      "TerminationDate": "12/31/9999"
    },
    {
      "FileName": "UUPC_20180214_$3.25Off5CansRedSeal_11043_15000_Exp4-30-19.txt",
      "Brand": "RedSeal",
      "BarcodeType": "RSUBC",
      "EncodingType": "CODE-128",
      "DiscountCode": "D325_5C",
      "AccountNumber": "058796",
      "LinkedCouponID": "",
      "EffectiveDate": "03/01/2018",
      "TerminationDate": "12/31/9999"
    },
    {
      "FileName": "UUPC_20180214_$3.50Off5CansRedSeal_11044_15000_Exp4-30-19.txt",
      "Brand": "RedSeal",
      "BarcodeType": "RSUBC",
      "EncodingType": "CODE-128",
      "DiscountCode": "D350",
      "AccountNumber": "058796",
      "LinkedCouponID": "",
      "EffectiveDate": "03/01/2018",
      "TerminationDate": "12/31/9999"
    },
    {
      "FileName": "UUPC_20180228_$0.75Off2CansCopenhagen_11028_150000_Exp4-30-19.txt",
      "Brand": "Copenhagen",
      "BarcodeType": "RSUBC",
      "EncodingType": "CODE-128",
      "DiscountCode": "D075_2C",
      "AccountNumber": "058796",
      "LinkedCouponID": "",
      "EffectiveDate": "03/01/2018",
      "TerminationDate": "12/31/9999"
    },
    {
      "FileName": "UUPC_20180228_$1.00Off1CanCopenhagen_11029_150000_Exp4-30-19.txt",
      "Brand": "Copenhagen",
      "BarcodeType": "RSUBC",
      "EncodingType": "CODE-128",
      "DiscountCode": "D100",
      "AccountNumber": "058796",
      "LinkedCouponID": "",
      "EffectiveDate": "03/01/2018",
      "TerminationDate": "12/31/9999"
    },
    {
      "FileName": "UUPC_20180228_$1.50Off1CanCopenhagen_11030_150000_Exp4-30-19.txt",
      "Brand": "Copenhagen",
      "BarcodeType": "RSUBC",
      "EncodingType": "CODE-128",
      "DiscountCode": "D150_1C",
      "AccountNumber": "058796",
      "LinkedCouponID": "",
      "EffectiveDate": "03/01/2018",
      "TerminationDate": "12/31/9999"
    },
    {
      "FileName": "UUPC_20180228_$1.50Off1CanSkoal_11229_150000_Exp4-30-19.txt",
      "Brand": "Skoal",
      "BarcodeType": "RSUBC",
      "EncodingType": "CODE-128",
      "DiscountCode": "D150_1C",
      "AccountNumber": "058796",
      "LinkedCouponID": "",
      "EffectiveDate": "03/01/2018",
      "TerminationDate": "12/31/9999"
    },
    {
      "FileName": "UUPC_20180228_$1.50Off2CansSkoal_11035_150000_Exp4-30-19.txt",
      "Brand": "Skoal",
      "BarcodeType": "RSUBC",
      "EncodingType": "CODE-128",
      "DiscountCode": "D150",
      "AccountNumber": "058796",
      "LinkedCouponID": "",
      "EffectiveDate": "03/01/2018",
      "TerminationDate": "12/31/9999"
    },
	{
      "FileName": "UUPC_20180228_$2.00Off1CanCopenhagen_11031_150000_Exp4-30-19.txt",
      "Brand": "Copenhagen",
      "BarcodeType": "RSUBC",
      "EncodingType": "CODE-128",
      "DiscountCode": "D200_1C",
      "AccountNumber": "058796",
      "LinkedCouponID": "",
      "EffectiveDate": "03/01/2018",
      "TerminationDate": "12/31/9999"
    },
    {
      "FileName": "UUPC_20180228_$2.75Off5CansCopenhagen_11032_150000_Exp4-30-19.txt",
      "Brand": "Copenhagen",
      "BarcodeType": "RSUBC",
      "EncodingType": "CODE-128",
      "DiscountCode": "D275_5C",
      "AccountNumber": "058796",
      "LinkedCouponID": "",
      "EffectiveDate": "03/01/2018",
      "TerminationDate": "12/31/9999"
    },
    {
      "FileName": "UUPC_20180228_$3.00Off5CansCopenhagen_11033_150000_Exp4-30-19.txt",
      "Brand": "Copenhagen",
      "BarcodeType": "RSUBC",
      "EncodingType": "CODE-128",
      "DiscountCode": "D300",
      "AccountNumber": "058796",
      "LinkedCouponID": "",
      "EffectiveDate": "03/01/2018",
      "TerminationDate": "12/31/9999"
    },
    {
      "FileName": "UUPC_20180228_$3.00Off5CansSkoal_11036_150000_Exp4-30-19.txt",
      "Brand": "Skoal",
      "BarcodeType": "RSUBC",
      "EncodingType": "CODE-128",
      "DiscountCode": "D300",
      "AccountNumber": "058796",
      "LinkedCouponID": "",
      "EffectiveDate": "03/01/2018",
      "TerminationDate": "12/31/9999"
    },
    {
      "FileName": "UUPC_20180228_$4.00Off5CansCopenhagen_11034_150000_Exp4-30-19.txt",
      "Brand": "Copenhangen",
      "BarcodeType": "RSUBC",
      "EncodingType": "CODE-128",
      "DiscountCode": "D400",
      "AccountNumber": "058796",
      "LinkedCouponID": "",
      "EffectiveDate": "03/01/2018",
      "TerminationDate": "12/31/9999"
    },
    {
      "FileName": "UUPC_20180306_$0.75Off1PackMarlboro_11025_700000_Exp4-30-19.txt",
      "Brand": "Marlboro",
      "BarcodeType": "RSUBC",
      "EncodingType": "CODE-128",
      "DiscountCode": "D075_1P",
      "AccountNumber": "058796",
      "LinkedCouponID": "",
      "EffectiveDate": "03/01/2018",
      "TerminationDate": "12/31/9999"
    },
    {
      "FileName": "UUPC_20180306_$2.50Off1PackMarlboro_11026_300000_Exp4-30-19.txt",
      "Brand": "Marlboro",
      "BarcodeType": "RSUBC",
      "EncodingType": "CODE-128",
      "DiscountCode": "D250_1P",
      "AccountNumber": "058796",
      "LinkedCouponID": "",
      "EffectiveDate": "03/01/2018",
      "TerminationDate": "12/31/9999"
    },
    {
      "FileName": "UUPC_20180306_$3.00Off1PackMarlboro_11187_300000_Exp4-30-19.txt",
      "Brand": "Marlboro",
      "BarcodeType": "RSUBC",
      "EncodingType": "CODE-128",
      "DiscountCode": "D300_1P",
      "AccountNumber": "058796",
      "LinkedCouponID": "",
      "EffectiveDate": "03/01/2018",
      "TerminationDate": "12/31/9999"
    }

  ]
}