{
  "FileInfo": [
    {
      "FileName": "UUPC_20171116_$1.00Off2SkoalCans_10329_200000_Exp3-31-19.txt",
      "Brand": "marlboro",
      "BarcodeType": "RSBC",
      "EncodingType": "CODE-128",
      "PricePoint": "",
      "AccountNumber": "058796",
      "EffectiveDate": "",
      "TerminationDate": ""
    },
    {
      "FileName": "",
      "Brand": "",
      "BarcodeType": "",
      "EncodingType": "",
      "PricePoint": "",
      "AccountNumber": "",
      "EffectiveDate": "",
      "TerminationDate": ""
    }
  ]
}